material_id,protocol_eligible,protocol_profile_id,source_ids_held_out,protocol_fields_used,exclusion_reason,fixed_reference_unit_ids_both_arms,fixed_non_melting_unit_ids_both_arms,paired_non_melting_endpoint_opportunity
mol_paracetamol,yes,protocol_mol_paracetamol,src_paracetamol,thermal_history;heating_rate_C_min;scan_context;sample_mass;pan,,mol_paracetamol__sc_to_iii|mol_paracetamol__iii_to_ii|mol_paracetamol__ii_melt,mol_paracetamol__sc_to_iii|mol_paracetamol__iii_to_ii,yes
mol_carbamazepine,yes,protocol_mol_carbamazepine,src_carbamazepine,thermal_history;heating_rate_C_min;scan_context;sample_mass;pan,,mol_carbamazepine__ii_to_i|mol_carbamazepine__iii_to_i|mol_carbamazepine__iv_to_i|mol_carbamazepine__common_i_melt,mol_carbamazepine__ii_to_i|mol_carbamazepine__iii_to_i|mol_carbamazepine__iv_to_i,yes
mol_indomethacin,yes,protocol_mol_indomethacin,src_indomethacin,thermal_history;heating_rate_C_min;scan_context;sample_mass;pan;atmosphere,,mol_indomethacin__tg|mol_indomethacin__cold_cryst,mol_indomethacin__tg|mol_indomethacin__cold_cryst,yes
mol_sulfathiazole,yes,protocol_mol_sulfathiazole,src_sulfathiazole,thermal_history;heating_rate_C_min;scan_context;sample_mass;pan;atmosphere,,mol_sulfathiazole__ii_path|mol_sulfathiazole__iii_to_i|mol_sulfathiazole__iv_to_i|mol_sulfathiazole__v_to_i|mol_sulfathiazole__common_i_melt,mol_sulfathiazole__ii_path|mol_sulfathiazole__iii_to_i|mol_sulfathiazole__iv_to_i|mol_sulfathiazole__v_to_i,yes
mol_caffeine,yes,protocol_mol_caffeine,src_caffeine,thermal_history;heating_rate_C_min;scan_context,,mol_caffeine__ii_to_i,mol_caffeine__ii_to_i,yes
mol_tolfenamic_acid,no,protocol_mol_tolfenamic_acid,,,The source-qualified record gives a heating direction but no explicit heating rate.,,,no
mol_griseofulvin,yes,protocol_mol_griseofulvin,src_griseo_crystal,thermal_history;heating_rate_C_min;scan_context;sample_mass;pan;atmosphere,,mol_griseofulvin__vi_to_i,mol_griseofulvin__vi_to_i,yes
mol_benzocaine,no,protocol_mol_benzocaine,,,The record merges separate instruments and rates without an unambiguous branch-to-unit mapping.,,,no
mol_flufenamic_acid,yes,protocol_mol_flufenamic_acid,src_flufenamic,thermal_history;heating_rate_C_min;scan_context,,mol_flufenamic_acid__tg_crystallize|mol_flufenamic_acid__x_to_iv|mol_flufenamic_acid__iv_to_i|mol_flufenamic_acid__i_melt,mol_flufenamic_acid__tg_crystallize|mol_flufenamic_acid__x_to_iv|mol_flufenamic_acid__iv_to_i,yes
mol_barbital,yes,protocol_mol_barbital,src_barbital,thermal_history;heating_rate_C_min;scan_context;sample_mass;pan;atmosphere,,mol_barbital__iii_to_i0|mol_barbital__iv_to_iii|mol_barbital__v_to_iii|mol_barbital__i0_melt|mol_barbital__iii_melt|mol_barbital__iv_melt|mol_barbital__v_melt,mol_barbital__iii_to_i0|mol_barbital__iv_to_iii|mol_barbital__v_to_iii,yes
mol_glycine,yes,protocol_mol_glycine,src_glycine,thermal_history;heating_rate_C_min;scan_context;sample_mass,,mol_glycine__gamma_to_alpha,mol_glycine__gamma_to_alpha,yes
mol_piracetam,yes,protocol_mol_piracetam,src_piracetam,thermal_history;heating_rate_C_min;scan_context;pan,,mol_piracetam__ii_to_i|mol_piracetam__iii_to_i|mol_piracetam__vi_to_i|mol_piracetam__common_i_melt,mol_piracetam__ii_to_i|mol_piracetam__iii_to_i|mol_piracetam__vi_to_i,yes
mol_theophylline,yes,protocol_mol_theophylline,src_theophylline,thermal_history;heating_rate_C_min;scan_context;sample_mass;pan;atmosphere,,mol_theophylline__ii_melt,,no
mol_celecoxib,yes,protocol_mol_celecoxib,src_celecoxib,thermal_history;heating_rate_C_min;scan_context;sample_mass;pan;atmosphere,,mol_celecoxib__tg|mol_celecoxib__cold_cryst|mol_celecoxib__melt,mol_celecoxib__tg|mol_celecoxib__cold_cryst,yes
mol_tolbutamide,no,protocol_mol_tolbutamide,,,The record merges four heating/cooling/reheating runs and omits the cooling rate for a scored cooling branch.,,,no
mol_loratadine,yes,protocol_mol_loratadine,src_loratadine,thermal_history;heating_rate_C_min;scan_context;sample_mass;pan;atmosphere,,mol_loratadine__tg|mol_loratadine__cold_cryst|mol_loratadine__b_to_a|mol_loratadine__common_melt,mol_loratadine__tg|mol_loratadine__cold_cryst|mol_loratadine__b_to_a,yes
mol_flurbiprofen,yes,protocol_mol_flurbiprofen,src_flurbiprofen,thermal_history;heating_rate_C_min;scan_context;pan;atmosphere,,mol_flurbiprofen__iii_to_i|mol_flurbiprofen__ii_to_i|mol_flurbiprofen__i_melt,mol_flurbiprofen__iii_to_i|mol_flurbiprofen__ii_to_i,yes
mol_ditbuc6_btbt,yes,protocol_mol_ditbuc6_btbt,src_ditbuc6,thermal_history;heating_rate_C_min;scan_context;sample_mass;pan;atmosphere,,mol_ditbuc6_btbt__ii_to_iii|mol_ditbuc6_btbt__iii_melt,mol_ditbuc6_btbt__ii_to_iii,yes
mol_nifedipine,yes,protocol_mol_nifedipine,src_nifedipine,thermal_history;heating_rate_C_min;scan_context;sample_mass;pan;atmosphere,,mol_nifedipine__tg|mol_nifedipine__cold_cryst|mol_nifedipine__beta_melt,mol_nifedipine__tg|mol_nifedipine__cold_cryst,yes
mol_nimesulide,no,protocol_mol_nimesulide,,,The record gives a 1–10 K/min range rather than an explicit branch-specific heating rate.,,,no
mol_fenofibrate,yes,protocol_mol_fenofibrate,src_fenofibrate,thermal_history;heating_rate_C_min;cooling_rate_C_min;scan_context;sample_mass;pan;atmosphere,,mol_fenofibrate__tg|mol_fenofibrate__melt,mol_fenofibrate__tg,yes
mol_felodipine,yes,protocol_mol_felodipine,src_felodipine,thermal_history;heating_rate_C_min;scan_context;pan,,mol_felodipine__tg,mol_felodipine__tg,yes
mol_sulindac,yes,protocol_mol_sulindac,src_sulindac,thermal_history;heating_rate_C_min;scan_context;pan;atmosphere,,mol_sulindac__iv_path|mol_sulindac__i_melt|mol_sulindac__ii_melt,mol_sulindac__iv_path,yes
mol_anthranilic_acid,yes,protocol_mol_anthranilic_acid,src_anthranilic,thermal_history;heating_rate_C_min;scan_context;sample_mass;pan,,mol_anthranilic_acid__i_to_iii,mol_anthranilic_acid__i_to_iii,yes
mol_mefenamic_acid,yes,protocol_mol_mefenamic_acid,src_mefenamic,thermal_history;heating_rate_C_min;scan_context;sample_mass;pan;atmosphere,,mol_mefenamic_acid__i_to_ii|mol_mefenamic_acid__ii_melt,mol_mefenamic_acid__i_to_ii,yes
mol_sulfamerazine,no,protocol_mol_sulfamerazine,,,The source-qualified record is condition-dependent and gives no explicit heating rate or single eligible branch.,,,no
mol_pyrazinamide,yes,protocol_mol_pyrazinamide,src_pyrazinamide,thermal_history;heating_rate_C_min;scan_context;sample_mass;pan;atmosphere,,mol_pyrazinamide__alpha_to_gamma|mol_pyrazinamide__gamma_melt,mol_pyrazinamide__alpha_to_gamma,yes
mol_dapsone,yes,protocol_mol_dapsone,src_dapsone,thermal_history;heating_rate_C_min;cooling_rate_C_min;scan_context,,mol_dapsone__iii_to_ii|mol_dapsone__ii_to_iii|mol_dapsone__ii_melt,mol_dapsone__iii_to_ii|mol_dapsone__ii_to_iii,yes
mol_chlorpropamide,yes,protocol_mol_chlorpropamide,src_chlorpropamide,thermal_history;heating_rate_C_min;scan_context;sample_mass;pan,,mol_chlorpropamide__first_melt,,no
mol_phenobarbital,yes,protocol_mol_phenobarbital,src_phenobarbital,thermal_history;heating_rate_C_min;cooling_rate_C_min;scan_context;pan;atmosphere,,mol_phenobarbital__i_melt,,no
